,train,val,test
0,D1103-2020-11-16_15.55.08,D1176-2021-02-22_21.09.08,D1167-2021-02-22_19.58.39
1,D1104-2020-11-16_15.47.32,D1177-2021-02-22_21.18.36,D1168-2021-02-22_20.06.31
2,D1105-2020-11-16_15.39.45,D1178-2021-02-22_21.27.26,D1169-2021-02-22_20.15.22
3,D1966-2021-02-17_15.29.58,D1179-2021-02-22_21.35.05,D1170-2021-02-22_20.25.00
4,D1967-2021-02-17_15.37.53,D1106-2020-11-16_15.31.14,D1172-2nd
5,D1968-2021-02-17_15.45.46,D1107-2020-11-16_15.21.39,D1173-2021-02-22_20.42.55
6,D1969-2021-02-18_10.19.55,D1108-2020-11-16_15.13.41,D1174-2021-02-22_20.52.06
7,D1970-2021-02-18_10.28.24,D1109-2020-11-16_15.03.14,D2054-2021-02-22_14.23.55
8,D1971-2021-02-18_10.36.35,D1110-2020-11-16_14.54.45,D2055-2021-02-22_14.32.32
9,D1972-2021-02-18_10.44.37,D1111-2020-11-16_14.45.18,D2056-2021-02-22_14.42.14
10,D1021-2020-11-17_16.44.48,D1137-2020-11-20_10.37.49,D2057-2021-02-22_14.51.06
11,D1022-2020-11-17_16.34.38,D1138-2020-11-20_10.29.48,D2058-2021-02-22_14.59.33
12,D1023-2020-11-17_16.22.41,D1139-2020-11-20_10.17.03,D2059-2021-02-22_15.07.22
13,D1024-2020-11-17_16.13.46,D1140-2020-11-20_10.04.08,D2065-2021-02-22_15.49.31
14,D1025-2020-11-17_16.04.37,D1701-2021-03-18_00.16.20,D1434-2021-03-11_14.36.55
15,D1027-2020-11-17_15.47.54,D1702-2021-03-18_00.23.34,D1435-2021-03-11_14.46.13
16,D1028-2020-11-17_15.38.28,D1703-2021-03-18_00.31.19,D1436-2021-03-11_14.57.10
17,D1029-2020-11-17_15.30.08,D1704-2021-03-18_00.39.29,D1437-2021-03-11_15.07.20
18,D1030-2020-11-17_15.22.11,D1705-2021-03-18_00.47.09,D2042-2021-02-22_12.45.10
19,D1031-2020-11-17_15.13.41,D1706-2021-03-18_00.57.24,D2044-2021-02-22_13.02.02
20,D1032-2020-11-17_15.04.59,D1707-2021-03-18_01.04.42,D2045-2021-02-22_13.10.00
21,D1033-2020-11-17_14.57.15,D1708-2021-03-18_01.15.15,D2046-2021-02-22_13.18.39
22,D1034-2020-11-17_14.48.29,D1710-2021-03-18_01.32.36,D1438-2021-03-11_15.15.54
23,D1035-2020-11-17_14.40.02,D1720-2021-03-23_18.23.13,D1439-2021-03-11_15.25.27
24,D1036-2020-11-17_14.29.59,D1721-2021-03-23_18.30.15,D1440-2021-03-11_15.34.18
25,D1037-2020-11-17_14.22.18,D1722-2021-03-23_18.37.29,D1441-2021-03-11_15.41.47
26,D1038-2020-11-17_14.13.00,D1723-2021-03-23_18.45.47,D1442-2021-03-11_11.18.24
27,D1039-2020-11-17_14.03.12,D1724-2021-03-23_18.55.11,D1443-2021-03-11_15.50.23
28,D1040-2020-11-17_13.53.54,D1725-2021-03-23_18.59.30,D1444-2021-03-11_16.00.40
29,D1041-2020-11-17_13.42.54,D1726-2021-03-23_19.08.20,D1446-2021-03-11_16.18.13
30,D1973-2021-02-18_10.52.37,D1727-2021-03-23_19.18.24,D1454-2021-03-11_17.24.15
31,D1974-2021-02-18_11.00.51,D1728-2021-03-23_19.26.54,D1455-2021-03-11_17.33.02
32,D1976-2021-02-18_11.18.41,D1729-2021-03-23_19.36.04,D1456-2021-03-11_17.47.18
33,D1977-2021-02-18_11.28.07,D1730-2021-03-23_19.43.58,D1457-2021-03-11_17.56.46
34,D1978-2021-02-18_11.36.50,D1731-2021-03-23_19.51.19,D1458-2021-03-11_18.06.55
35,D1979-2021-02-18_11.44.42,D1794-2021-03-24_00.09.25,D1459-2021-03-11_18.15.48
36,D1980-2021-02-18_11.53.24,D1795-2021-03-24_00.16.44,D1462-2021-03-12_09.42.51
37,D1981-2021-02-18_12.01.31,D1796-2021-03-24_00.24.17,D1463-2021-03-12_09.52.46
38,D1982-2021-02-18_12.09.34,D1797-2021-03-24_00.32.55,D1464-2021-03-12_10.01.08
39,D1983-2021-02-18_12.19.11,D1798-2021-03-24_00.39.57,D1051-2020-11-17_12.15.32
40,D1984-2021-02-18_12.27.46,D1799-2021-03-24_00.48.30,D1052-2020-11-17_12.07.07
41,D1985-2021-02-18_12.37.56,D1800-2021-03-24_00.56.52,D1053-2020-11-17_11.58.45
42,D1986-2021-02-18_12.45.16,D1801-2021-03-24_01.03.51,D1054-2020-11-17_11.50.46
43,D1987-2021-02-18_12.53.21,D1802-2021-03-24_01.12.48,D1055-2020-11-17_11.41.54
44,D1988-2021-02-18_13.00.59,D1803-2021-03-24_01.21.21,D1056-2020-11-17_11.31.01
45,D1989-2021-02-18_13.08.13,D1804-2021-03-24_01.29.37,
46,D1990-2021-02-18_13.16.06,D1805-2021-03-24_01.35.23,
47,D1991-2021-02-18_13.24.41,D1806-2021-03-24_01.44.11,
48,D1992-2021-02-18_13.32.50,D1807-2021-03-24_01.52.19,
49,D2036-2021-02-18_21.29.05,D1808-2021-03-24_02.00.56,
50,D2037-2021-02-18_21.35.02,D1809-2021-03-24_02.07.40,
51,D2038-2021-02-18_21.44.20,D1810-2021-03-24_02.18.16,
52,D1128-2020-11-20_11.58.14,D1811-2021-03-24_02.26.14,
53,D1129-2020-11-20_11.48.24,D1812-2021-03-24_13.49.52,
54,D1130-2020-11-20_11.40.17,D1813-2021-03-24_13.59.54,
55,D1190-2021-02-22_23.08.12,D1814-2021-03-24_14.09.46,
56,D1191-2021-02-22_23.18.37,D1815-2021-03-24_14.22.57,
57,D1192-2nd,D1816-2021-03-24_14.32.36,
58,D1371-2021-03-10_17.30.28,D1817-2021-03-24_14.44.24,
59,D1372-2021-03-10_17.38.28,D1818-2021-03-24_14.53.34,
60,D1373-2021-03-10_17.49.36,D1819-2021-03-24_15.04.18,
61,D1374-2021-03-10_17.58.18,,
62,D1376-2021-03-10_18.16.58,,
63,D1377-2021-03-10_18.25.56,,
64,D1378-2021-03-10_18.33.41,,
65,D1379-2021-03-10_18.41.27,,
66,D1396-2021-03-10_20.57.56,,
67,D1397-2021-03-10_21.05.11,,
68,D1398-2021-03-10_21.16.21,,
69,D1399-2021-03-10_21.24.58,,
70,D1400-2021-03-10_21.36.27,,
71,D1401-2021-03-10_21.45.11,,
72,D1402-2021-03-10_21.54.00,,
73,D1403-2021-03-10_22.02.31,,
74,D1404-2021-03-10_22.10.25,,
75,D1405-2021-03-10_22.17.43,,
76,D1406-2021-03-10_22.25.26,,
77,D1689-2021-03-17_22.36.12,,
78,D1690-2021-03-17_22.44.49,,
79,D1691-2021-03-17_22.52.58,,
80,D1692-2021-03-17_23.01.32,,
81,D1693-2021-03-17_23.09.54,,
82,D1694-2021-03-17_23.17.40,,
83,D1828-2021-03-24_16.18.47,,
84,D1829-2021-03-24_16.27.05,,
85,D1830-2021-03-24_16.35.10,,
86,D1831-2021-03-24_16.42.30,,
87,D1832-2021-03-24_16.50.10,,
88,D1833-2021-03-24_16.58.06,,
89,D1834-2021-03-24_17.06.52,,
90,D1835-2021-03-24_17.14.35,,
91,D1836-2021-03-24_17.25.01,,
92,D1837-2021-03-24_17.33.20,,
93,D1850-2021-03-24_19.21.09,,
94,D1851-2021-03-24_19.28.39,,
95,D1852-2021-03-24_19.37.14,,
96,D1853-2021-03-24_19.47.38,,
97,D1854-2021-03-24_19.55.17,,
98,D1855-2021-03-24_20.03.17,,
99,D1856-2021-03-24_20.11.46,,
100,D1957-2021-02-17_14.11.43,,
101,D1958-2021-02-17_14.20.10,,
102,D1959-2021-02-17_14.29.06,,
103,D1960-2021-02-17_14.37.31,,
104,D1057-2020-11-17_11.23.59,,
105,D1058-2020-11-17_11.16.45,,
106,D1059-2020-11-17_11.09.04,,
107,D1060-2020-11-17_10.57.41,,
108,D1061-2020-11-17_10.48.43,,
109,D1193-2021-02-22_23.36.43,,
110,D1194-2021-02-22_23.44.34,,
111,D1195-2nd,,
112,D1196-2021-02-22_23.55.44,,
113,D1197-2021-02-23_00.04.42,,
114,D1198-2021-02-23_00.13.48,,
115,D1199-2021-02-23_00.24.33,,
116,D1205-2021-02-23_01.07.55,,
117,D1206-2021-02-23_01.16.31,,
118,D1207-2021-02-23_01.27.26,,
119,D1208-2021-02-23_01.35.23,,
120,D1209-2021-02-23_01.43.19,,
121,D1210-2021-02-23_01.52.12,,
122,D1211-2021-02-23_02.00.14,,
123,D1232-2021-03-01_19.13.24,,
124,D1233-2021-03-01_19.23.12,,
125,D1234-2021-03-01_19.36.14,,
126,D1235-2021-03-01_16.02.18,,
127,D1242-2021-03-01_20.29.24,,
128,D1243-2021-03-01_20.38.31,,
129,D1244-2021-03-01_20.47.31,,
130,D1245-2021-03-01_20.56.07,,
131,D1246-2021-03-01_21.05.09,,
132,D1247-2021-03-01_21.12.27,,
133,D1249-2021-03-01_21.31.38,,
134,D1250-2021-03-01_21.39.39,,
135,D1251-2021-03-01_21.47.31,,
136,D1252-2021-03-01_21.56.34,,
137,D1253-2021-03-01_22.05.24,,
138,D1254-2021-03-01_22.11.09,,
139,D1256-2021-03-01_22.26.40,,
140,D1258-2021-03-01_22.44.05,,
141,D1259-2021-03-01_22.51.48,,
142,D1260-2021-03-01_22.59.36,,
143,D1261-2021-03-01_23.09.50,,
144,D1262-2021-03-01_23.18.54,,
145,D1263-2021-03-01_23.28.23,,
146,D1271-2021-03-02_00.37.18,,
147,D1272-2021-03-02_00.45.36,,
148,D1274-2021-03-02_01.02.21,,
149,D1275-2021-03-02_01.07.18,,
150,D1276-2021-03-02_01.14.56,,
151,D1277-2021-03-02_01.26.36,,
152,D1278-2021-03-02_01.35.59,,
153,D1279-2021-03-02_01.44.28,,
154,D1282-2021-03-02_02.10.33,,
155,D1283-2021-03-02_02.18.10,,
156,D1284-2021-03-02_02.27.34,,
157,D1285-2021-03-02_02.35.26,,
158,D1286-2021-03-02_02.43.35,,
159,D1287-2021-03-02_02.52.23,,
160,D1288-2021-03-02_03.00.32,,
161,D1289-2021-03-02_03.08.50,,
162,D1290-2021-03-02_03.17.55,,
163,D1291-2021-03-02_03.26.38,,
164,D1292-2021-03-02_03.34.10,,
165,D1293-2021-03-02_03.42.52,,
166,D1294-2021-03-02_03.50.19,,
167,D1295-2021-03-02_03.59.10,,
168,D1296-2021-03-02_04.06.46,,
169,D1297-2021-03-02_04.16.13,,
170,D1299-2021-03-02_04.31.27,,
171,D1308-2021-03-02_05.52.29,,
172,D1309-2021-03-02_06.00.57,,
173,D1310-2021-03-02_06.08.58,,
174,D1311-2021-03-02_06.17.03,,
175,D1312-2021-03-03_12.51.32,,
176,D1313-2021-03-03_13.01.12,,
177,D1314-2021-03-03_13.08.11,,
178,D1315-2021-03-03_13.15.21,,
179,D1316-2021-03-03_13.25.17,,
180,D1317-2021-03-03_13.35.00,,
181,D1320-2021-03-03_14.00.26,,
182,D1321-2021-03-03_14.14.55,,
183,D1322-2021-03-03_14.26.00,,
184,D1323-2021-03-03_14.41.28,,
185,D1324-2021-03-03_14.48.18,,
186,D1325-2021-03-03_14.55.56,,
187,D1326-2021-03-03_15.04.15,,
188,D1328-2021-03-03_15.23.27,,
189,D1329-2021-03-03_15.33.09,,
190,D1330-2021-03-03_15.47.14,,
191,D1331-2021-03-03_15.56.12,,
192,D1332-2021-03-05_10.33.05,,
193,D1333-2021-03-05_10.42.37,,
194,D1335-2021-03-05_10.58.35,,
195,D1344-2021-03-05_12.20.00,,
196,D1345-2021-03-05_12.27.31,,
197,D1346-2021-03-05_12.36.12,,
198,D1347-2021-03-05_12.44.11,,
199,D1348-2021-03-05_12.54.24,,
200,D1349-2021-03-05_13.03.36,,
201,D1350-2021-03-05_13.11.53,,
202,D1351-2021-03-05_13.19.25,,
203,D1352-2021-03-05_13.26.25,,
204,D1353-2021-03-05_13.33.40,,
205,D1354-2021-03-05_13.41.36,,
206,D1355-2021-03-05_13.50.30,,
207,D1356-2021-03-05_13.58.36,,
208,D1357-2021-03-05_14.05.51,,
209,D1358-2021-03-05_14.14.42,,
210,D1359-2021-03-05_14.23.40,,
211,D1360-2021-03-05_15.07.16,,
212,D1361-2021-03-05_15.17.10,,
213,D1362-2021-03-10_16.13.21,,
214,D1366-2021-03-10_16.50.06,,
215,D1368-2021-03-10_17.04.57,,
216,D1369-2021-03-10_17.13.25,,
217,D1370-2021-03-10_17.22.21,,
218,D1070-2020-11-16_21.00.36,,
219,D1071-2020-11-16_20.52.28,,
220,D1072-2020-11-16_20.43.17,,
221,D1073-2020-11-16_20.32.54,,
222,D1074-2020-11-16_20.24.43,,
223,D1075-2020-11-16_20.16.43,,
224,D1076-2020-11-16_20.08.56,,
225,D1077-2020-11-16_20.04.02,,
226,D1079-2020-11-16_19.48.22,,
227,D1081-2020-11-16_19.32.32,,
228,D1082-2020-11-16_19.25.13,,
229,D1083-2020-11-16_19.16.50,,
230,D1084-2020-11-16_19.07.28,,
231,D1407-2021-03-10_22.33.10,,
232,D1408-2021-03-10_22.41.17,,
233,D1409-2021-03-10_22.49.03,,
234,D1410-2021-03-10_22.55.41,,
235,D1411-2021-03-10_23.01.42,,
236,D1412-2021-03-11_11.27.21,,
237,D1413-2021-03-11_11.36.34,,
238,D1414-2021-03-11_11.46.05,,
239,D1415-2021-03-11_11.54.48,,
240,D1417-2021-03-11_12.13.36,,
241,D1418-2021-03-11_12.21.33,,
242,D1419-2021-03-11_12.29.52,,
243,D1420-2021-03-11_12.38.58,,
244,D1421-2021-03-11_12.47.42,,
245,D1422-2021-03-11_12.56.47,,
246,D1423-2021-03-11_13.05.25,,
247,D1465-2021-03-12_10.09.57,,
248,D1466-2021-03-12_10.18.57,,
249,D1467-2021-03-12_10.26.11,,
250,D1468-2021-03-12_10.34.01,,
251,D1469-2021-03-12_10.41.22,,
252,D1470-2021-03-12_10.49.35,,
253,D1471-2021-03-12_10.56.53,,
254,D1472-2021-03-12_11.03.48,,
255,D1473-2021-03-12_11.11.29,,
256,D1474-2021-03-12_11.19.08,,
257,D1475-2021-03-12_11.27.43,,
258,D1476-2021-03-12_11.36.23,,
259,D1477-2021-03-12_11.45.47,,
260,D1478-2021-03-12_11.53.08,,
261,D1479-2021-03-12_12.00.34,,
262,D1480-2021-03-12_12.08.18,,
263,D1481-2021-03-12_12.15.35,,
264,D1482-2021-03-12_12.23.03,,
265,D1483-2021-03-12_12.31.02,,
266,D1484-2021-03-12_12.38.13,,
267,D1498-2021-03-12_14.32.00,,
268,D1500-2021-03-12_14.45.46,,
269,D1501-2021-03-12_14.54.20,,
270,D1537-2021-03-15_14.35.37,,
271,D1538-2021-03-15_14.46.05,,
272,D1539-2021-03-15_14.52.26,,
273,D1540-2021-03-15_15.01.14,,
274,D1541-2021-03-15_15.09.15,,
275,D1542-2021-03-15_16.14.41,,
276,D1548-2021-03-15_17.11.12,,
277,D1549-2021-03-15_17.22.13,,
278,D1550-2021-03-15_17.30.54,,
279,D1551-2021-03-15_17.38.58,,
280,D1552-2021-03-15_17.48.20,,
281,D1553-2021-03-15_17.58.33,,
282,D1554-2021-03-15_18.07.01,,
283,D1555-2021-03-15_18.18.31,,
284,D1556-2021-03-15_18.26.14,,
285,D1558-2021-03-15_18.43.50,,
286,D1559-2021-03-15_18.58.09,,
287,D1560-2021-03-15_19.15.59,,
288,D1561-2021-03-15_19.24.30,,
289,D1562-2021-03-15_19.33.45,,
290,D1563-2021-03-15_19.43.38,,
291,D1564-2021-03-15_19.52.06,,
292,D1565-2021-03-15_20.03.35,,
293,D1598-2021-03-16_00.54.48,,
294,D1599-2021-03-16_01.03.45,,
295,D1600-2021-03-16_01.11.27,,
296,D1602-2021-03-16_01.24.53,,
297,D1603-2021-03-16_01.32.23,,
298,D1604-2021-03-16_01.39.56,,
299,D1605-2021-03-16_01.47.11,,
300,D1606-2021-03-16_01.54.50,,
301,D1607-2021-03-16_02.03.17,,
302,D1608-2021-03-16_02.11.03,,
